Search peptide	Protein ID	Peptide	Protein description	Species	Intervals	Function	Additional details	IC50 (Î¼M)	Inhibition type	Inhibited microorganisms	PTM	Title	Authors	Abstract	DOI	Search type	Scoring matrix	% Alignment	Query start	Query end	Subject start	Subject end	e-value	Alignment length	Mismatches	Gap opens
Peptide: LKQVLLHQQA  does not exist in database.
Peptide: IILRPNTQPPPAPAPH  does not exist in database.
Peptide: LPPQPLWSVPQPK  does not exist in database.
Peptide: SISNSAEDPFIAIHAESKL  does not exist in database.
Peptide: LLLNPTHQIYPVTQPL  does not exist in database.
Peptide: QAIAENRADAVTLDGGFIYEAGLAP  does not exist in database.
Peptide: KQIGLYPVLVI  does not exist in database.
Peptide: VVSVLTVLHQDWLNGKE  does not exist in database.
Peptide: KDIDGYGGIALPELI  does not exist in database.
Peptide: KADSSPVKAGVETTTPS  does not exist in database.
Peptide: RAISQSGVA  does not exist in database.
Peptide: FQLFGSPSGQKDLLFKDSAIG  does not exist in database.
Peptide: HLPSGPR  does not exist in database.
Peptide: LGLLGDSVDIF  does not exist in database.
Peptide: VVRDPQGIR  does not exist in database.
Peptide: ADSSPVKAGVETTTPS  does not exist in database.
Peptide: LMNIFLKDSITT  does not exist in database.
Peptide: LAMAPNHAVVS  does not exist in database.
Peptide: IIDAKPT  does not exist in database.
"#Advanced search parameters:	Search type: sequence,	Similarity threshold: 80%,	Scoring matrix: IDENTITY"
